name,address,phone,type,email,lat,lon,method,score,confidence,match_method,money
"Детский сад ""Балдырған""","мкр. 10, 34","87789859796, 87272485542",детский сад,balabaksha.baldyrgan2022@mail.ru,43.2165733,76.8672231,,,low,nominatim_clean,no
"ТОО детский сад ""Лидер""","ул. Байтерекова, 28","87476109654, 87273701254",детский сад,Ayan_balabakshasy@mail.ru,43.2565671,76.8233863,nominatim,,medium,,no
"детский сад ""Sabi Premium""","ул. 5-ая, 39","87077971040, 87077971040",детский сад,kimsales@bk.ru,43.2797549,76.8405435,,,low,nominatim_clean,no
"ТОО детский сад ""Aizere-damu""","ул. Ахметова, 38","87088590798, 87786012035",детский сад,aizere-damu@mail.ru,43.3534877,77.0046111,nominatim,,medium,,no
"ТОО детский сад ""Іңкәр Kids""","ул. Айналмалы, 141","87013555078, 87013555078",детский сад,bakirovaa2019@mail.ru,43.2404795,76.7808307,nominatim,,medium,,no
"ТОО детский сад ""Еркетай Үміт""","ул. Бертайкызы, 109","87472861503, 87757725994",детский сад,erkebulan_94@mail.ru,43.2962479,76.8801306,nominatim,,medium,,no
КГКП «Ясли-сад №186»,"мкр. Аксай-4, 64","87011867511, 87272431336",ясли-сад,186sad@mail.ru,43.2496809,76.9306027,fuzzy,0.8235294117647058,high,,no
"КГКП ""Ясли-сад №53""","мкр. Таугуль, 25А","87770992535, 87273987510",ясли-сад,cadik_rauan53@mail.ru,43.2092892,76.8749034,fuzzy,0.8484848484848485,high,,no
"КГУ ""Коррекционный ясли-сад №66 для детей с тяжелыми нарушениями речи""","мкр. Аксай 3А, 71","87472337103, 87273731713",ясли-сад,yasli_sad_66@mail.ru,43.2714343,76.7970799,,,low,nominatim_clean,no
"КГКП ""Ясли-сад №52""","мкр. Аксай-2, 51","87477564247, 87273382042",ясли-сад,52@almatybala.kz,43.2383093,76.8375937,fuzzy,0.8484848484848485,high,,no
"КГУ ""Специальная дошкольная организация для детей с нарушениями речи и функции опорно-двигательного аппарата №143""","мкр. 6, 51/1","87052063600, 87272682462",специальный ясли-сад,143@almatybala.kz,43.2198606,76.8560323,,,low,nominatim_clean,no
"КГКП ""Ясли-сад №36""","мкр. 7, 26","87770252423, 87272681068",ясли-сад,det_sad36@mali.ru,43.2442767,76.9088916,fuzzy,0.8125,high,,no
"КГУ ""Коррекционный ясли-сад № 54 для детей с тяжелыми нарушениями речи""","мкр. Таугуль, 54","87772507939, 87273094000",специальный ясли-сад,54@almatybala.kz,43.2123923,76.8722538,,,low,nominatim_clean,no
"КГКП ""Ясли-сад №29""","мкр. 1, 72","87014710625, 87272761501",ясли-сад,yasli-sad-29@mail.ru,43.2357222,76.8389697,fuzzy,0.8235294117647058,high,,no
"КГКП ""Ясли-сад №46""","мкр. 11, 34А","87011133256, 87273034477",ясли-сад,46@almatybala.kz,43.2214423,76.8738115,fuzzy,0.8484848484848485,high,,no
"КГКП ""Ясли-сад №28""","мкр. Аксай 1, 9","87028451686, 87272308919",ясли-сад,sadik_28@list.ru,43.2422576,76.8359273,fuzzy,0.8484848484848485,high,,no
"КГКП ""Ясли-сад №55""","ул. Пятницкого, 51","87762072970, 87273093720",ясли-сад,55@almatybala.kz,43.2119416,76.8728501,fuzzy,0.8484848484848485,high,,no
"КГКП ""Ясли-сад №23""","мкр. 12, 4А","87015760213, 87273032440",ясли-сад,23@almatybala.kz,43.219807,76.8648419,fuzzy,0.8484848484848485,high,,no
"КГКП ""Ясли-сад №138""","мкр. 7, 40","87077203895, 87272680858",ясли-сад,detsad_138@mail.ru,43.2496809,76.9306027,fuzzy,0.8235294117647058,high,,no
"КГКП ""Ясли-сад №136""","ул. Садуакасова, 27/1","87272309839, 87272680241",,136sad@mail.ru,43.2441772,76.9335654,fuzzy,0.8235294117647058,high,,no
"КГКП ""Ясли-сад №144""","мкр. Аксай-2, 69/1","87026027523, 87273733179",ясли-сад,144_sad@mail.ru,43.248804,76.891586,fuzzy,0.8235294117647058,high,,no
"КГКП ""Ясли сад №50""","мкр. Аксай-2, 54А","87017996688, 87273734577",ясли-сад,yasli_sad_50@mail.ru,43.2364996,76.8355087,fuzzy,0.8484848484848485,high,,no
"КГКП ""Ясли-сад №64""","мкр. Тастак-1, 7А","87055999467, 87273967166",ясли-сад,64balabaqsha@almatybilim.kz,43.2482168,76.8587818,fuzzy,0.8484848484848485,high,,no
"КГКП ""Ясли-сад №42""","мкр. 9, 38","87757310549, 87273033484",ясли-сад,ded_sad_42@mail.ru,43.2150305,76.8630014,fuzzy,0.8484848484848485,high,,no
"КГКП ""Ясли-сад №60""","мкр. Жетысу-1, 13а","87758336010, 87273736689",ясли-сад,yaslisad60@mail.ru,43.2234877,76.8395629,fuzzy,0.8484848484848485,high,,no
"КГКП ""Ясли-сад №44""","9 мкр., 45","87783148731, 87273037463",ясли-сад,yasli-sad_44@mail.ru,43.2621823,76.8848357,fuzzy,0.8125,high,,no
"КГКП ""Ясли-сад №174""","мкр. 5, 46","87013494616, 87272493999",ясли-сад,174@almatybala.kz,43.2317074,76.8653702,fuzzy,0.8571428571428571,high,,no
"КГКП ""Ясли-сад № 134""","мкр. 9, 16/1","87087519589, 87272256266",ясли-сад,134@ajmatybala.kz,43.2137568,76.8622802,fuzzy,0.8571428571428571,high,,no
"КГКП ""Ясли-сад №158""","мкр. Баянаул, 19","87717524979, 87273979317",ясли-сад,s158s@mail.ru,43.2496809,76.9306027,fuzzy,0.8235294117647058,high,,no
"КГКП ""Ясли-сад №57""","мкр. Аксай-4, 51А","87015865049, 87272383561",ясли-сад,yslisad57@mail.ru,43.3584525,77.1397051,fuzzy,0.8235294117647058,high,,no
"КГУ ""Коррекционный ясли-сад № 24 для детей с тяжелыми нарушениями речи""","мкр. 2, 57","87072374025, 87272491810",специальный ясли-сад,24dedsad@mail.ru,43.2350997,76.8607626,fuzzy,0.9705882352941176,high,,no
"КГКП ""Ясли-сад №154""","мкр. 5, 37А","87772507867, 87272493938",ясли-сад,dedsad154@mail.ru,43.2322274,76.8643857,fuzzy,0.6842105263157895,low,,no
"КГУ ""Санаторный ясли-сад №25""","мкр. 1, 64А","87714579268, 87272268305",ясли-сад,25balabaqsha@almatybilim.kz,43.2323511,76.8494114,,,low,nominatim_clean,no
"КГКП ""Ясли-сад №58""","мкр. Таугуль-1, 39","87017146924, 87273023151",ясли-сад,58@almatybala.kz,43.213769,76.8793697,fuzzy,0.8484848484848485,high,,no
"КГКП ""Ясли-сад №39""","мкр. 8, 42","87714401717, 87272490939",ясли-сад,www.yaslisad_39@mail.ru,43.226064,76.8675572,fuzzy,0.8484848484848485,high,,no
"КГКП ""Ясли-сад №135""","мкр. 5, 49/1","87783875878, 87272494132",ясли-сад,yaslisad135@mail.ru,43.2328323,76.8625673,fuzzy,0.8571428571428571,high,,no
"КГКП ""Ясли-сад №100 ""Гауһар""","мкр. Аксай-4, 51В","87782898352, 87273731114",ясли-сад,100@almatybala.kz,43.2283828,76.8389431,,,low,nominatim_clean,no
"КГУ ""Коррекционный ясли-сад №111 для детей с тяжелыми нарушениями речи""","мкр. Аксай-1, 10А","87752021312, 87272308926",специальный ясли-сад,yaslisad111@mail.ru,43.2163333,76.8589304,,,low,nominatim_clean,no
"КГКП ""Ясли-сад №129""","мкр. Аксай-2, 74","87778190606, 87272688601",ясли-сад,129@almatybala.kz,43.2357222,76.8389697,fuzzy,0.8571428571428571,high,,no
"КГКП ""Ясли-сад №47""","ул. Щепкина, 73","87072227368, 87273090722",ясли-сад,47@almatybala.kz,43.2085212,76.8716026,nominatim,,medium,,no
"КГКП ""Ясли-сад №160""","мкр. Жетысу-2, 1А","87071248375, 87272260104",ясли-сад,160@almatybala.kz,43.2234877,76.8395629,fuzzy,0.8235294117647058,high,,no
"КГКП ""Ясли-сад №159""","мкр. Мамыр-4, 301А","87085487275, 87272396442",ясли-сад,159@almatybala.kz,43.2136773,76.8501495,fuzzy,0.8571428571428571,high,,no
"КГКП ""Ясли-сад №62""","мкр. Аксай ЗА, 72","87077598607, 87273731834",ясли-сад,det_sad62@mail.ru,43.2365788,76.8262085,fuzzy,0.8484848484848485,high,,no
"КГКП ""Ясли-сад №56""","мкр. Аксай 4, 8А","87021368555, 87272688687",ясли-сад,baigulbekova63@mail.ru,43.2331991,76.8388408,fuzzy,0.8484848484848485,high,,no
"КГКП ""Ясли-сад №48""","ул. Койшыманова, 4а","87057620007, 87273028106",ясли-сад,48@almatybala.kz,43.2826584,76.8259053,fuzzy,0.8235294117647058,high,,no
"КГКП ""Ясли-сад №178""","мкр. 12, 11/1","87024703794, 87273749995",ясли-сад,178almatybala@mail.ru,43.2195562,76.8608671,fuzzy,0.8571428571428571,high,,no
"КГКП ""Ясли-сад №35""","мкр. 6, 8а","87476661402, 87273010272",ясли-сад,35@almatybala.kz,43.2200295,76.8554499,fuzzy,0.8484848484848485,high,,no
"КГКП ""Ясли - сад № 190""","мкр. Мамыр-1, 29/16","87016276065, 87272295933",ясли-сад,mamyr.sad190@mail.ru,43.2128651,76.8463727,fuzzy,0.8571428571428571,high,,no
"КГКП ""Ясли-сад №188""","ул. Радостовца, 38а","87055786820, 87273954408",ясли-сад,yaslisad188@mail.ru,43.2472512,76.8923973,fuzzy,0.8571428571428571,high,,no
"КГКП ""Ясли-сад №3""","ул. Аносова, 48","87078091692, 87273746826",ясли-сад,yaslisad_3@mail.ru,43.226064,76.8675572,fuzzy,0.8125,high,,no
"КГКП ""Ясли-сад №20""","пр. Абылай хана, 102","87021398290, 87272729623",ясли-сад,yaslisad_20@mail.ru,43.2473247,76.9430215,fuzzy,0.8484848484848485,high,,no
"КГКП ""Ясли-сад №43""","ул. Байтурсынова, 4А","87772070858, 87273383116",ясли-сад,yaslisad_43@mail.ru,43.261133,76.9259325,fuzzy,0.8484848484848485,high,,no
"КГКП ""Ясли-сад №7""","ул. Клочкова, 26","87717541150, 87272223544",ясли-сад,klochkova26sad7@mail.ru,43.2462043,76.9015986,fuzzy,0.8387096774193549,high,,no
"КГКП ""Ясли-сад №22""","ул. Чокина, 127","87072688182, 87273397248",ясли-сад,sad-22kz@mail.ru,43.2562789,76.9084163,fuzzy,0.8484848484848485,high,,no
"КГКП ""Ясли -сад №12""","ул. Курмангазы, 120","87010130888, 87272926745",ясли-сад,yaslisad12@mail.ru,43.3431624,76.9862995,fuzzy,0.8235294117647058,high,,no
"КГУ ""Специальный ясли-сад №13","ул. Тлендиева, 2/1","87078242818, 87272479190",ясли-сад,sadik-13@mail.ru,43.2573263,76.8712434,fuzzy,0.7586206896551724,low,,no
"КГКП ""Ясли-сад №6""","ул. Жамбыла, 176г","87777057275, 87273757344",ясли-сад,yaslisadik6@mail.ru,43.2442767,76.9088916,fuzzy,0.8387096774193549,high,,no
"КГКП ""Ясли-сад №93""","ул. Чайковский, 103/33","87074303921, 87272797594",ясли-сад,ckkp.bakha.93@mail.ru,43.2637655,76.936169,fuzzy,0.8484848484848485,high,,no
"КГКП ""Ясли-сад №8""","ул. Брусиловского, 19","87783875878, 87273741122",ясли-сад,yasli-sad_8@mail.ru,43.2517864,76.8751475,fuzzy,0.8387096774193549,high,,no
КГКП «Ясли-сад №132»,"ул. Қарасай батыр, 200/1","87016229552, 87272247057",ясли-сад,132balabaqsha@almatybilim.kz,43.2493769,76.897412,fuzzy,0.6842105263157895,low,,no
"КГКП ""Ясли-сад №133""","ул. Брусиловского, 15/1","87075411473, 87273019832",ясли-сад,y_133@mail.ru,43.2543016,76.8746738,fuzzy,0.8571428571428571,high,,no
"КГКП ""Ясли-сад №16""","пр. Сейфуллина, 587","87015056885, 87272483563",ясли-сад,ya_sad16@mail.ru,43.2441772,76.9335654,fuzzy,0.8484848484848485,high,,no
"КГКП ""Ясли-сад №182""","ул. Тургут Озала, 30/1","87027807268, 87273739986",ясли-сад,ya_sad182@mail.ru,43.2552567,76.8815274,fuzzy,0.8571428571428571,high,,no
КГКП «Ясли-сад №181»,"ул. Тлендиева, 35/1","87052571314, 87273740355",ясли-сад,kgkpyaslisad181@mail.ru,43.2528056,76.8700486,fuzzy,0.8571428571428571,high,,no
"КГКП ""Ясли-сад №74""","ул. Тургут Озала, 68","87078246242, 87273739763",ясли-сад,600300065540@mail.kz,43.2317074,76.8653702,fuzzy,0.8235294117647058,high,,no
"КГУ ""Санаторный ясли-сад №21""","ул. Шарипова, 71A","87026475968, 87272331102",санаторный ясли-сад,yaslisad.21@mail.ru,43.2540237,76.9216849,fuzzy,0.925925925925926,high,,no
"КГКП ""Ясли-сад №10""","ул. Шевченко, 186А","87024813456, 87273757858",ясли-сад,gkkp_ya_s10@mail.ru,43.2418713,76.8976821,fuzzy,0.8484848484848485,high,,no
"КГКП ""Ясли-сад №14""","ул. Радостовца, 14","87085282458, 87273795444",ясли-сад,sad-14kz@mail.ru,43.248804,76.891586,fuzzy,0.8484848484848485,high,,no
"КГКП ""Ясли-сад №41""","ул. Мауленова, 58","87753027289, 87272797414",ясли-сад,yaslisad41@mail.ru,43.2566245,76.934778,fuzzy,0.8484848484848485,high,,no
"КГКП ""Ясли-сад №9""","ул. Тлендиева, 57","87772807393, 87273018579",ясли-сад,sad_9_yasli@mail.ru,43.2511889,76.8708782,fuzzy,0.8387096774193549,high,,no
"КГКП ""Ясли сад №19""","ул. Сейфуллина, 557","87476476101, 87272787907",ясли-сад,19balabaqsha@almatybilim.kz,43.2128651,76.8463727,fuzzy,0.8235294117647058,high,,no
"КГКП ""Ясли сад №11""","ул. Шевченко, 162 К","87473337629, 87273755577",ясли-сад,yaslisad11@bk.ru,43.2308197,76.9552359,fuzzy,0.8235294117647058,high,,no
"ГККП ""Ясли-сад №161""","ул. Утемисова, 109Б","87014595942, 87272637531",ясли-сад,sadik.161@mail.ru,43.297714,76.8612122,fuzzy,0.6842105263157895,low,,no
"КГКП ""Ясли-Сад №78""","ул. Аккайнар, 5","87075606064, 87273853392",ясли-сад,sadic-78@mail.kz,43.3113723,76.8397478,fuzzy,0.8484848484848485,high,,no
"КГУ ""Санаторный ясли-сад №38""","ул. Куприна, 7","87752028496, 87272476831",санаторный ясли-сад,yaslisad-38@mail.ru,43.254965,76.8493093,fuzzy,0.6511627906976745,low,,no
"КГКП ""Ясли-сад №120""","мкр. Зердели, 1/35","87017290939, 87272237128",ясли-сад,120balabaqsha@mail.kz,43.2795773,76.8205314,fuzzy,0.8571428571428571,high,,no
"КГКП ""Ясли-сад №31""","ул. Рыскулова, 284","87077776774, 87272474512",ясли-сад,31balabagsha@almatybilim.kz,43.2489205,76.8389909,fuzzy,0.8484848484848485,high,,no
"КГКП ""Ясли-сад №76""","ул. Актилек, 10/1","87056922758, 87273936865",ясли-сад,76yaslisad@mail.kz,43.2442767,76.9088916,fuzzy,0.8125,high,,no
"КГКП ""Ясли сад №150""","мкр. Аккент, 19А","87711628786, 87273099804",ясли-сад,SAD150_150@mail.ru,43.2445853,76.8181577,fuzzy,0.6842105263157895,low,,no
"КГКП ""Ясли-сад №183""","мкр. Саялы, 50","87027013220, 87272655360",ясли-сад,183balabaqsha@mail.kz,43.3061778,76.8391439,fuzzy,0.8571428571428571,high,,no
"КГКП ""Ясли-сад №177""","ул. Қойтас, 2","87772031281, 87273809424",ясли-сад,177-balabaksha@mail.kz,43.3374625,76.9017359,fuzzy,0.8571428571428571,high,,no
"КГКП ""Ясли-Сад №95""","ул. Суаткол, 39","87472352543, 87273988661",ясли-сад,95balabaqsha@mail.kz,43.2510447,76.8150523,fuzzy,0.8484848484848485,high,,no
"КГКП ""Ясли-сад №1""","ул. Ауезова, 2","87025017827, 87272981007",ясли-сад,1balabqsha@mail.kz,43.3180165,76.8860946,fuzzy,0.8387096774193549,high,,no
"КГКП ""Ясли сад №153""","мкр. Зердели, 31","87017291676, 87272237046",ясли-сад,yaslisad.153@mail.kz,43.2799237,76.821087,fuzzy,0.6842105263157895,low,,no
"ГККП ""Ясли-сад №164""","ул. Жанкожа батыра, 193","87010595755, 87273808763",,detsadik164@mail.kz,43.3058776,76.8531197,fuzzy,0.8571428571428571,high,,no
"КГКП ""Ясли-сад №165""","ул. Жалайыри, 46","87012323773, 87272274829",ясли-сад,sadic165@mail.kz,43.2995028,76.872209,fuzzy,0.8571428571428571,high,,no
"КГКП ""Ясли-Сад №130""","ул. Усть-каменогорская, 1/1","87475319409, 87272248409",ясли-сад,130balabaqsha@mail.kz,43.259582,76.8859896,fuzzy,0.8571428571428571,high,,no
"КГКП ""Ясли-сад №37""","мкр. Нуркент, 13","87272945410, 87272945411",ясли-сад,aiay01@mail.ru,43.2572718,76.8138929,fuzzy,0.8484848484848485,high,,no
"КГКП ""Ясли-сад №81""","мкр. Орбита 2, 20","87772757601, 87273905965",ясли-сад,81balabaqsha@almatybilim.kz,43.2528056,76.8700486,fuzzy,0.8235294117647058,high,,no
"КГКП ""Ясли-сад №140""","ул. Сатпаева, 101/1","87012704588, 87273939333",ясли-сад,140balabaqsha@almatybilim.kz,43.248804,76.891586,fuzzy,0.8235294117647058,high,,no
"КГКП ""Ясли-сад №155""","ул. Сатпаева, 80 А","87774222218, 87273941973",ясли-сад,155@almatybala.kz,43.2327323,76.8867668,fuzzy,0.8571428571428571,high,,no
"КГКП ""Ясли-сад №83""","мкр. Казахфильм, 9","87017655851, 87272992900",ясли-сад,83balabaqsha@almatybilim.kz,43.3061778,76.8391439,fuzzy,0.8235294117647058,high,,no
"КГКП ""Ясли-сад №92""","мкр. Алмагуль, 41","87071027999, 87273962968",ясли-сад,92@almatybala.kz,43.2043114,76.9018634,,,low,nominatim_clean,no
"КГКП ""Ясли-сад №88""","ул. Жандосова, 36а","87082114335, 87272748460",ясли-сад,88sadik@mail.ru,43.232152,76.9032351,fuzzy,0.8484848484848485,high,,no
"КГКП ""Ясли-сад №142""","мкр. Алмагуль, 42/1","87015065999, 87273021373",ясли-сад,det_sad142@mail.ru,43.248804,76.891586,fuzzy,0.8235294117647058,high,,no
"КГКП ""Ясли-сад №91""","ул. Жарокова, 279","87016169392, 87273379752",ясли-сад,91sad@mail.ru,43.2132303,76.9013113,fuzzy,0.8484848484848485,high,,no
"КГКП ""Ясли-сад №152""","ул. Розыбакиева, 202","87073369968, 87273952990",ясли-сад,sadik152@list.ru,43.2265894,76.8920823,nominatim,,medium,,no
"КГУ ""Специальный (коррекционный) ясли-сад №137 для детей с нарушениями слуха""","ул. Айманова, 212","87755672500, 87272740875",специальный ясли-сад,137balabaqsha@almatybilim.kz,43.2350997,76.8607626,fuzzy,0.723404255319149,low,,no
"КГКП ""Ясли-сад №113""","ул. Навои, 330","87029079419, 87273811815",ясли-сад,det_sad113@mail.ru,43.3431624,76.9862995,fuzzy,0.8,low,,no
"КГКП ""Ясли-сад №99""","ул. Жарокова, 294","87473726174, 87273773710",ясли-сад,99@almatybala.kz,43.2034153,76.9058565,fuzzy,0.8484848484848485,high,,no
"КГКП ""Ясли-сад №151""","мкр. Коктем-1, 33","87082762199, 87273775592",ясли-сад,151@almatybala.kz,43.2289624,76.9280339,,,low,nominatim_clean,no
"КГКП ""Ясли-сад №40""","ул. Байсеитовой, 45а","87013774456, 87272672626",ясли-сад,sad-40@bk.ru,43.2404117,76.9442495,fuzzy,0.8484848484848485,high,,no
"КГКП ""Ясли-сад №89""","мкр. Орбита-4, 25Б","87779844346, 87272547301",ясли-сад,89@almatybala.kz,43.1964483,76.8774334,,,low,nominatim_clean,no
"КГКП ""Ясли-сад №108""","ул. Тимирязева, 25","87471379004, 87272608020",ясли-сад,sadik_108@mail.ru,43.2496809,76.9306027,fuzzy,0.8235294117647058,high,,no
"КГКП ""Ясли-сад №75""","пр. Гагарина, 183","87012367443, 87273826235",,sad75sad@mail.ru,43.2173899,76.8967666,,,low,nominatim_clean,no
"КГКП ""Ясли-сад №85""","мкр. Орбита-3, 15","87074400214, 87272499052",ясли-сад,85balabaqsha@almatybilim.kz,43.2001347,76.8758991,,,low,nominatim_clean,no
"КГКП ""Ясли-сад №68""","ул. Шмелева, 20","87079653597, 87273961388",ясли-сад,68balabaqsha@almatybilim.kz,43.2180238,76.890293,nominatim,,medium,,no
"КГКП ""Ясли-сад №69""","ул. Байзакова, 313","87078521030, 87273947315",ясли-сад,69balabaqsha@almatybilim.kz,43.2275994,76.9148758,fuzzy,0.8484848484848485,high,,no
"КГКП ""Ясли-сад №77""","ул. Байзакова, 310","87017277276, 87273762174",ясли-сад,77@almatybala.kz,43.2291503,76.9162445,fuzzy,0.8484848484848485,high,,no
"КГКП ""Ясли-сад №80""","мкр. Орбита-1, 39","87082621777, 87272394307",ясли-сад,80@almatybala.kz,43.2015883,76.8832335,,,low,nominatim_clean,no
"КГУ ""Специальный (коррекционный) ясли-сад №2 для детей с умственной отсталостью (интеллектуальными нарушениями развития)""","ул. Навои, 308","87078573999, 87273540341",ясли-сад,2@almatybala.kz,43.2011717,76.8879743,fuzzy,0.9957081545064378,high,,no
"КГКП ""Ясли-сад №82""","ул. Гагарина, 278/1","87779108025, 87273963936",ясли-сад,82@almatybala.kz,43.2552567,76.8815274,fuzzy,0.8235294117647058,high,,no
"КГКП ""Ясли-сад №72""","ул. Радостовца, 141","87022169782, 87273920505",ясли-сад,metodist72.72@mail.ru,43.2361013,76.8916698,fuzzy,0.8484848484848485,high,,no
"КГКП ""Ясли-сад №87""","ул. Си-Синхая, 14","87015031313, 87273964336",ясли-сад,Sadik87@list.ru,43.21573,76.900378,,,low,,no
"КГКП ""Ясли-сад № 191""","ул. Егизбаева, 7/11","87073615774, 87272322349",ясли-сад,191@almatybala.kz,43.2132303,76.9013113,fuzzy,0.8235294117647058,high,,no
"КГКП ""Ясли-сад №71""","ул. Бухар-Жырау, 62А","87474625980, 87272741425",ясли-сад,71sad_71@mail.ru,43.3558483,76.9232987,fuzzy,0.8235294117647058,high,,no
"КГУ ""Специальный детский сад для детей с тяжелыми нарушениями речи № 26""","мкр. Айнабулак 3, 166А, корпус 1","87714512873, 87273856898",ясли-сад,sadkz26@mail.ru,43.3256739,76.9189003,fuzzy,0.9710144927536232,high,,no
"КГКП ""Ясли-сад №98""","мкр. Айнабулак-2, 63","87012588272, 87272523830",ясли-сад,gsad98@mail.ru,43.3173893,76.9129453,fuzzy,0.8484848484848485,high,,no
"КГКП ""Ясли-сад №169""","мкр. Кокжиек, 65","87076307476, 87273998246",ясли-сад,169detsad@mail.ru,43.3562247,76.922369,fuzzy,0.8571428571428571,high,,no
"КГКП ""Ясли-сад №63""","ул. Шилова, 19","87071445153, 87273908544",ясли-сад,balabaksha-63@yandex.ru,43.267104,76.8951478,fuzzy,0.8235294117647058,high,,no
"КГКП ""Ясли-сад №163""","ул. Казакова, 13А","87714146365, 87272539930",ясли-сад,yaslisad163@mail.ru,43.267104,76.8951478,fuzzy,0.8571428571428571,high,,no
"КГКП ""Ясли-сад №179""","мкр. Айнабулак-3, 165Б","87051450351, 87272254097",ясли-сад,yaslisad179@mail.ru,43.3265142,76.9202,fuzzy,0.8571428571428571,high,,no
"КГКП ""Ясли-сад №51""","ул. Есенова, 205А","87754104606, 87273831540",ясли-сад,yasli_sad51@mail.ru,43.2917512,76.950764,nominatim,,medium,,no
"КГКП ""Ясли-сад №128""","ул. Венеры, 26","87783807825, 87272294935",ясли-сад,128sad@mail.ru,43.3576453,76.9345717,fuzzy,0.6842105263157895,low,,no
"КГКП ""Ясли-сад №94""","пр. Сейфуллина, 293","87478526134, 87273806146",ясли-сад,94balabaqsha@almatybilim.kz,43.1930229,76.8018119,fuzzy,0.8235294117647058,high,,no
"КГКП ""Ясли-сад №102""","мкр. Айнабулак-3, 104а","87013497259, 87272342729",ясли-сад,102_sad@mail.ru,43.3246059,76.9200921,,,low,nominatim_clean,no
"КГКП ""Ясли-сад №97""","мкр. Айнабулак -1, 22г","87075030671, 87273908955",ясли-сад,97detsat@mail.ru,43.3203927,76.911368,,,low,nominatim_clean,no
"КГКП ""Ясли-сад №171""","мкр. Кокжиек, 67","87078739424, 87273805163",ясли-сад,171sadik@mail.ru,43.3558483,76.9232987,fuzzy,0.8571428571428571,high,,no
"КГКП ""Ясли-сад №162""","мкр. Кулагер, 25а","87075721862, 87273778172",ясли-сад,yasli162@bk.ru,43.2365788,76.8262085,fuzzy,0.8235294117647058,high,,no
"КГКП ""Ясли-сад №17""","ул. Тобаякова, 26/28","87477218107, 87273835490",ясли-сад,17sad_00@mail.ru,43.275862,76.9367915,fuzzy,0.8484848484848485,high,,no
"КГКП ""Ясли-сад №67""","ул. Желтоксан, 14","87021044343, 87272468228",ясли-сад,67_balabaksha_zhetys@mail.kz,43.2714452,76.9380928,fuzzy,0.8484848484848485,high,,no
"КГКП ""Ясли-сад №176""","мкр. Кулагер, 52А","87026407055, 87272399539",ясли-сад,kgkp176@mail.ru,43.2441772,76.9335654,fuzzy,0.8235294117647058,high,,no
"КГУ ""Санаторный ясли-сад №103""","мкр. Айнабулак-3, 103","87078083118, 87272946513",ясли-сад,Sad103@mail.ru,43.2540237,76.9216849,fuzzy,0.8727272727272727,high,,no
"КГКП ""Ясли-сад №170""","мкр. Кокмайса, 22Б","87717600990, 87272989248",ясли-сад,170sadik@mail.ru,43.3208379,76.9513628,fuzzy,0.8235294117647058,high,,no
"КГКП ""Ясли-сад №175""","мкр. Кокжиек, 42а","87006464382, 87273375451",ясли-сад,detsad175.175@mail.ru,43.3445027,77.0131104,,,low,nominatim_clean,no
"КГКП ""Ясли-сад №115""","мкр. Самал-2, 22/1","87784857414, 87272621305",ясли-сад,medeo115@mail.ru,43.2299563,76.9564591,fuzzy,0.8571428571428571,high,,no
"КГКП ""Ясли-сад №114""","мкр. Самал-2, 83","87074770572, 87273394683",ясли-сад,114balabaqsha@almatybilim.kz,43.2315203,76.9542302,fuzzy,0.8571428571428571,high,,no
"КГУ ""Специальная дошкольная организация для детей с нарушениями зрения и речи №124""","ул. Назарбаева, 289А","87074789082, 87272627522",ясли-сад,124@almatybala.kz,43.2211453,76.953222,nominatim,,medium,,no
"КГКП ""Ясли-сад №105""","ул. Зенкова, 58","87075799955, 87272918371",ясли-сад,medeo.105@mail.ru,43.2517577,76.958315,fuzzy,0.8571428571428571,high,,no
"ГККП ""Ясли-сад №5""","мкр. Алатау, ул. Жетбаева, 30","87022492272, 87273865912",ясли-сад,5@almatybala.kz,43.2200295,76.8554499,fuzzy,0.8125,high,,no
"ГККП ""Ясли-сад №116""","мкр. Самал-2, 38","87022150271, 87272484358",ясли-сад,medeo.116@mail.ru,43.2308197,76.9552359,fuzzy,0.8571428571428571,high,,no
"КГКП ""Ясли-сад №125""","ул. Армянская, 5А","87071935979, 87272643764",ясли-сад,125@almatybala.kz,43.3306999,76.9460508,fuzzy,0.8235294117647058,high,,no
"КГКП ""Ясли-сад №141""","ул. Погодина, 86","87013759799, 87272399054",ясли-сад,141@almatybala.kz,43.248804,76.891586,fuzzy,0.8235294117647058,high,,no
"КГКП ""Ясли-сад №157""","улица Ибрагимова, 10а","87022031717, 87273865614",ясли-сад,157balabaqsha@almatybilim.kz,43.3584525,77.1397051,fuzzy,0.8571428571428571,high,,no
"КГКП ""Ясли-сад №107""","Многоводная улица, 17","87029224078, 87272919268",ясли-сад,107balabaqsha@almatybilim.kz,43.257038,76.9734159,fuzzy,0.8571428571428571,high,,no
"КГКП ""Ясли-сад №126""","ул. Янушкевич, 57","87476664438, 87272245526",ясли-сад,126@almatybala.rz,43.2441772,76.9335654,fuzzy,0.8235294117647058,high,,no
"ГККП ""Ясли-сад №106""","ул. Барибаева, 46","87015760213, 87272251481",ясли-сад,medeo.106@mail.ru,43.2585023,76.964088,nominatim,,medium,,no
"КГКП ""Ясли-сад №156""","ул. Калдаякова, 72","87081762395, 87272918961",ясли-сад,medeo.156@mail.ru,43.2529013,76.9598161,fuzzy,0.8571428571428571,high,,no
"ГККП ""Ясли-сад №110""","пр. Достык, 107/4","87021050875, 87272647752",ясли-сад,110balabaqsha@almatybilim.kz,43.2229393,76.960717,fuzzy,0.6842105263157895,low,,no
"КГКП ""Ясли-сад № 166""","ул. Каркаралы, 15А","87077739906, 87273828020",ясли-сад,medeo.166@mail.ru,43.2842427,77.0018994,fuzzy,0.6842105263157895,low,,no
"ГККП ""Ясли-сад №109""","ул. Камала Кармысова, 34","87052583189, 87272411486",ясли-сад,109@almatybala.kz,43.2529128,76.9621138,fuzzy,0.6842105263157895,low,,no
"КГКП ""Ясли-сад №131""","ул. Марийская, 3","87074230274, 87272232808",ясли-сад,sad.131@mail.ru,43.318306,76.9375712,fuzzy,0.8571428571428571,high,,no
"КГУ ""Специальный ясли-сад для детей с тяжелыми нарушениями речи № 145""","пр. Сейфуллина, 188 А","87077578797, 87272944485",специальный ясли-сад,kz145sad@mail.ru,43.3256739,76.9189003,fuzzy,0.8823529411764706,high,,no
"КГКП ""Ясли-сад №149""","улица Дегдар, 34","87755050329, 87273828461",ясли-сад,149sad@mail.ru,43.248804,76.891586,fuzzy,0.8235294117647058,high,,no
"КГКП ""Ясли-сад №65""","ул. Шолохова, 51","87776768907, 87272244299",ясли-сад,65balabagsha@almatybilim.kz,43.3388058,76.9398707,fuzzy,0.8484848484848485,high,,no
"КГКП ""Ясли-сад №167""","ул. Кожедуба, 38","87075141965, 87273801252",ясли-сад,merei.yaslisad@mail.ru,43.3081538,76.9636903,fuzzy,0.8571428571428571,high,,no
"КГКП ""Ясли-сад №127""","ул. Дулатова, 33","87078552359, 87272972750",ясли-сад,yaslisad.127@mail.kz,43.3136261,76.9409078,fuzzy,0.8571428571428571,high,,no
"КГУ ""Специальный детский сад №123""","мкр. Алтай 1, 2а","87017397081, 87272512137",специальный детский сад,2322743@mail.ru,43.3431794,76.9864025,,,low,nominatim_clean,no
"КГКП ""Ясли-сад №122""","ул. Успенского, 83","87752905660, 87272945836",ясли-сад,122balabaqsha@almatybilim.kz,43.2562789,76.9084163,fuzzy,0.8235294117647058,high,,no
"КГКП ""Ясли-сад №121""","ул. Хабаровская, 10","87073556585, 87272433685",ясли-сад,121balabaqsha@almatybilim.kz,43.3180189,76.9607611,fuzzy,0.8571428571428571,high,,no
"КГКП ""Ясли-сад №86""","ул. Суюнбая, 465","87072360363, 87272329317",ясли-сад,86sadik@mail.kz,43.2442767,76.9088916,fuzzy,0.8125,high,,no
"КГКП ""Ясли-сад №185""","ул. Майлина, 17А","87024118061, 87273838688",ясли-сад,d.sad185@mail.ru,43.2496809,76.9306027,fuzzy,0.8235294117647058,high,,no
"КГКП ""Ясли-сад № 59""","улица Акмандай, 25","87783842739, 87272327292",ясли-сад,59_sad@mail.ru,43.2136773,76.8501495,fuzzy,0.8235294117647058,high,,no
"КГКП ""Ясли-сад №173""","ул. Сельскохозяйственная, 21","87478046517, 87272232316",ясли-сад,173balabaqsha@almatybilim.kz,43.3179226,76.9414999,nominatim,,medium,,no
"КГКП ""Ясли-сад №73""","ул. Спасская, 42","87011700572, 87272783060",ясли-сад,yaslisad_73@mail.ru,43.3536287,76.9472377,fuzzy,0.8484848484848485,high,,no
"КГКП ""Ясли-сад №15""","ул. Сауранбаев, 24","87473793364, 87273384470",ясли-сад,15_sad@mail.ru,43.3306999,76.9460508,fuzzy,0.8484848484848485,high,,no
"КГУ ""Специальный ясли-сад №70""","ул. Стахановская, 19а","87052038662, 87272234716",специальный ясли-сад,70balabaqsha@almatybilim.kz,43.3208379,76.9513628,fuzzy,0.6363636363636364,low,,no
"КГКП ""Ясли-сад №32""","ул. Магнитная, 4","87752722226, 87272233544",ясли-сад,32balabaqsha@almatybilim.kz,43.2493769,76.897412,fuzzy,0.6486486486486487,low,,no
КГКП «Ясли–сад №180»,"мкр. Алтай-1, 28а","87773462539, 87272513313",ясли-сад,kgkpsad180@mail.ru,43.2496809,76.9306027,fuzzy,0.8235294117647058,high,,no
"КГКП ""Ясли-сад №147""","ул. Баймагамбетова, 215","87759091692, 87273801233",ясли-сад,yaslisad147.kgkp@mail.ru,43.3111796,76.9753552,nominatim,,medium,,no
"КГКП ""Ясли-сад №117""","ул. Монтажная, 3а","87076330571, 87272579450",ясли-сад,117sad117@mail.ru,43.3322481,76.9815446,nominatim,,medium,,no
"КГКП ""Ясли-сад № 187""","мкр. Жас Канат, 129А","87078055559, 87273519962",ясли-сад,187balabaqsha@almatybilim.kz,43.3165154,76.9773195,,,low,nominatim_clean,no
"КГКП ""Ясли-сад №119""","мкр. Алтай-1, 11б","87022341803, 87272515566",ясли-сад,119balabaqsha@almatybilim.kz,43.2136773,76.8501495,fuzzy,0.8,low,,no
"КГКП ""Ясли-сад №118""","ул. Сейфуллина, 187","87752042350, 87272945568",ясли-сад,sad.118@mail.ru,43.3039484,76.9392711,fuzzy,0.8571428571428571,high,,no
"КГКП ""Ясли-сад № 193""","улица Санжара Жандосова, 2в","87055785559, 87272305737",ясли-сад,yaslisad_193@mail.kz,43.2637655,76.936169,fuzzy,0.8235294117647058,high,,no
"КГКП ""Ясли-сад № 194""","ул. Т. Молдагалиева, 61",87005051962,ясли-сад,yaslisad_194@mail.kz,43.1930229,76.8018119,fuzzy,0.8571428571428571,high,,no
"КГКП ""Ясли-сад № 45""","ул. К.Надырова, 118","87021050875, 87273889899",ясли-сад,45yasli-sad@mail.kz,43.1695179,76.849024,fuzzy,0.8484848484848485,high,,no
"КГКП ""Ясли-сад №172""","ул. Смайылова, 192","87019888781, 87273818690",ясли-сад,yaslisad172@mail.kz,43.2361013,76.8916698,fuzzy,0.8235294117647058,high,,no
"КГКП ""Ясли-сад № 184""","мкр. Шугыла, 340/1","87077471872, 87272438348",ясли-сад,184_sad2019@mail.ru,43.2112675,76.7860175,,,low,nominatim_clean,no
"ГККП ""Ясли-сад №96""","ул. Тулебаева, 62","87017471119, 87272737003",ясли-сад,medeo.96@mail.ru,43.2611641,76.948029,nominatim,,medium,,no
"КГКП ""Ясли-сад №112""","ул. Зейна Шашкина, 32а","87006716313, 87272640716",ясли-сад,112@almatybala.kz,43.3431624,76.9862995,fuzzy,0.8,low,,no
"КГКП ""Ясли-сад № 196""","ул. Барибаева, 55","87785447372, 87272911256",ясли-сад,196@almatybala.kz,43.2441772,76.9335654,fuzzy,0.8235294117647058,high,,no
"КГКП ""Ясли-сад №104""","мкр. Айнабулак 4, 186","87012824390, 87272342865",ясли-сад,cadik104@mail.ru,43.3245615,76.913038,,,low,nominatim_clean,no
"КГКП ""Ясли-сад №61""","ул. Азовская, 16","87786054678, 87273843576",ясли-сад,dsad61@inbox.ru,43.297714,76.8612122,fuzzy,0.6486486486486487,low,,no
"КГКП ""Ясли-сад №101""","Айнабулак 2 микрорайон, 44","87778413311, 87272518982",ясли-сад,101sad@mail.ru,43.2418713,76.8976821,fuzzy,0.8235294117647058,high,,no
"КГКП ""Ясли-сад №90""","ул. Мынбаева, 106","87025557150, 87273921266",ясли-сад,90balabaqsha@almatybilim.kz,43.2128651,76.8463727,fuzzy,0.8235294117647058,high,,no
"КГКП ""Ясли-сад №79""","ул. Клочкова, 165","87011515376, 87272741337",ясли-сад,79balabaqsha@almatybilim.kz,43.2295168,76.9021728,fuzzy,0.8484848484848485,high,,no
"КГКП ""Ясли-сад №189""","ул. Сатпаева, 90/64","87023130031, 87273630234",ясли-сад,189@almatybala.kz,43.2496809,76.9306027,fuzzy,0.8235294117647058,high,,no
"КГКП ""Ясли-сад №146""","11-й микрорайон, 36а","87078284690, 87273036389",ясли-сад,Mr.146sad@mail.ru,43.2204156,76.875254,fuzzy,0.8571428571428571,high,,no
"КГКП ""Ясли-сад №34""","мкр. Аксай-5, 22","87782441117, 87273732711",ясли-сад,sadik_34@mail.ru,43.2258379,76.8337206,fuzzy,0.8484848484848485,high,,no
"КГКП ""Ясли-сад №33""","мкр. 3, 42а","87778886888, 87272760050",ясли-сад,33@almatybala.kz,43.2543016,76.8746738,fuzzy,0.8235294117647058,high,,no
"КГКП ""Ясли сад №148""","мкр. Зерделі, 371/2","87089361023, 87272208011",ясли-сад,balabag_148@mail.kz,43.2826584,76.8259053,fuzzy,0.8571428571428571,high,,no
"КГКП ""Ясли-сад №4""","ул. ПАМИРСКАЯ, 6","87785863125, 87273016756",ясли-сад,yasli-sad4@mail.ru,43.2621823,76.8848357,fuzzy,0.8387096774193549,high,,no
"КГКП ""Ясли-сад № 84""","ул. Алдияр, 16/1","87075550885, 87273699001",ясли-сад,84balabagsha@almatybilim.kz,43.247478,76.7996897,fuzzy,0.8484848484848485,high,,no
"КГКП ""Ясли-сад №30""","ул. Панфилова, 49/1","87770550733, 87272713545",ясли-сад,Yaslisad_30@mail.ru,43.259582,76.8859896,fuzzy,0.8235294117647058,high,,no
"КГКП ""Ясли-сад №139""","ул. Макатаева, 99","87776955000, 87272799184",ясли-сад,detsad_yasli139@mail.ru,43.226064,76.8675572,fuzzy,0.8235294117647058,high,,no
"КГКП ""Ясли-сад №18""","ул. Карасай батыр, 82","87029835505, 87272635903",ясли-сад,yaslisad18@mail.ru,43.2496809,76.9306027,fuzzy,0.8484848484848485,high,,no
"ТОО ""Дошкольный учебно-воспитательный центр ""Балбобек""","ул. Брусиловского, 17","87012066469, 87273741624",ясли-сад,balbobek05@mail.ru,43.2523088,76.8748903,nominatim,,medium,,no
